SampleID,Condition,Expression
9af8b2eb-3dbb-4688-a5fd-15abc0460f57,Primary Tumor,6.412112515149655
20daa4af-7d88-42c8-9279-34372e687e5d,Primary Tumor,7.213403666286831
2fe6f165-3396-4abd-a0cd-07968d826828,Solid Tissue Normal,7.372936431495484
5eefc0d2-90b4-495f-803b-cfe9f158b980,Primary Tumor,6.696106519257443
c7ee3fa6-4a2f-4824-a098-91ce6c1223c3,Primary Tumor,7.441711704543605
27884724-a2c0-4b3e-921a-54e5f8bf1faa,Primary Tumor,7.931786457528647
c4bcc6b0-96a1-452b-9169-b4a16bcb9403,Primary Tumor,6.518882867147121
45d4b468-9089-46fd-8b5e-ad80a5148abd,Primary Tumor,6.360380080078344
0765d9e8-0fec-46bc-832a-89945435d5b1,Primary Tumor,8.65893122229766
c97d6c2a-9866-4893-8cff-ee747c4a4550,Primary Tumor,7.8905688982689695
66e79734-9053-4f61-9a32-bee376f5dab0,Primary Tumor,6.158256228811341
8148f34c-1ddd-454a-8761-8b76e97e8534,Primary Tumor,3.3130426409919735
16dc015e-0f5b-4278-a0cb-9ae30a280161,Primary Tumor,7.898518556646656
231aa983-3ef3-476b-bdb3-bab9d66f71e6,Primary Tumor,7.44468031710289
242a2880-95da-453f-892d-fafd49a4865e,Primary Tumor,5.652406183614957
313f5ae9-bbea-41d6-82d5-9242b2610d91,Primary Tumor,8.419085449975139
7f9624e7-0e7b-4a2b-8413-1737f0f7c1d0,Primary Tumor,7.262498931359202
6d0c282d-43d7-44fb-94e6-25771385e326,Primary Tumor,6.840168622080432
76cc364e-8214-4a17-8083-9ea80e74c400,Primary Tumor,3.8376203649152734
e21fc8e8-1f42-4c08-a54b-0bcc0f70d816,Primary Tumor,4.465497839455395
ca34be5f-799c-4df4-af91-ec8a9e958d6c,Primary Tumor,9.302470542426526
3563bce2-6547-4081-883e-1e7e498c83be,Primary Tumor,7.783598742871279
892294a6-6b94-4284-bae3-9eb0bdc853f6,Primary Tumor,2.6713386683180933
54a00dd0-503f-471f-88e4-8d6fcdcf8483,Solid Tissue Normal,6.616879614911595
df86c451-62c7-43bc-9b11-463181a5a98a,Solid Tissue Normal,7.245762796792483
43b8c3f7-2d0b-4020-807d-b7386825ecc0,Primary Tumor,0.7720545519333253
85feefbe-6aad-430b-a882-c71e4a5d1e07,Primary Tumor,7.254748031626641
d3986831-ba2a-4a25-8eb0-b074cbd7edac,Primary Tumor,7.327015434885928
e1a4e922-876b-45d1-8fb6-5d39dbf6ff60,Solid Tissue Normal,6.999948152215323
5b99d571-43d2-4d26-9a3b-0a299a0ce048,Primary Tumor,8.291776204792498
9a64a124-9787-4378-ba01-b79aa183f25f,Primary Tumor,7.0968374160656476
b5b25f89-cd67-44e5-89bd-be2bc1def4d8,Primary Tumor,7.427990761980592
3baa9c28-dfb3-4ec3-9e3c-1d2f1421b00f,Primary Tumor,7.542739383795284
3c9960fd-92f3-4bab-9771-933c95edc37f,Primary Tumor,6.686234374422967
c2371da5-868b-4788-91ec-c9d4bd8d8085,Primary Tumor,7.260467959414755
7b3f1e0a-2d0a-40a6-9ccd-deb403fd2f16,Primary Tumor,7.101149987362887
72d9c332-92e3-4f9c-899d-1de9969b1bd6,Primary Tumor,4.164351859866744
94d8b11e-0198-4f40-987a-44691b3b03fa,Primary Tumor,7.34898392227367
0b73f593-b6e8-4897-9b9b-f09e65e436b7,Primary Tumor,8.65705543525502
bae501f3-c0ba-4646-8027-0623869176f4,Primary Tumor,7.06982029576707
24fa0c9f-c679-486d-846a-66fbc8d30b0a,Primary Tumor,6.345985313059231
72db648d-0ff7-418b-b7bd-590eda282f74,Primary Tumor,6.178975513571536
aabb1f03-8a4e-4d38-b09e-d9b56b5b921c,Primary Tumor,8.16119488139225
7f67633b-3eba-4891-94aa-b3e38f6927ae,Primary Tumor,8.159695781386262
e37ffff5-f795-4ca9-b46b-f59344db48af,Primary Tumor,7.826254834011135
08971a88-cb64-4030-93e5-08d77d2ed654,Primary Tumor,5.101448380489909
5601dc73-ba9b-4f53-95ef-5fc3de23640c,Primary Tumor,7.5089031869201674
9bdba133-a1e0-4482-add2-af6493ebdbe5,Primary Tumor,5.911811402065996
9dffc7c0-da78-48a9-b438-a4886a45048e,Primary Tumor,7.843042922217586
fc757476-1d31-470b-b648-79608b201bdc,Primary Tumor,6.552006573575566
091d2c9e-a8cb-4212-a434-7c7d4fd75f7b,Primary Tumor,7.108748161707837
58dcd45a-714f-4a22-b367-813dd41829de,Primary Tumor,4.828956476417663
7f827e47-e374-4c0e-8fec-b53018bfad03,Primary Tumor,7.29670701240039
68b00cb6-4335-4c64-a3e0-0c29ed574480,Primary Tumor,8.580310582738615
270a13b3-158c-4251-8c6a-5bc5275e0ebb,Primary Tumor,7.421093669693096
f4288244-7a1c-4a61-98f6-6c1a06ccde2d,Primary Tumor,1.7619660307369442
f19a1a66-ddc9-4567-80db-d009bb455b25,Primary Tumor,7.165832568431933
48d5fe32-37ca-4717-af64-1343a3561849,Primary Tumor,9.467016329300536
2ab0f01f-2f66-4489-9de7-2a0d61b6ea04,Primary Tumor,6.320002616037243
9726aa3d-8a66-4568-92e5-c092c05a9a5d,Primary Tumor,6.93931004283978
218eb2f2-24b1-4e41-9071-26ed97a2edc1,Primary Tumor,8.024023187844845
b9610938-1f47-4556-ae92-794df8ae6401,Primary Tumor,5.604750393193949
a62db40f-4e4f-496c-84ed-ab9500b89757,Primary Tumor,6.7967846195418495
8e14dba9-6132-483c-892b-b244704fdc38,Primary Tumor,6.937845763969265
dc8e99bb-f021-44e4-8c60-213405ee156a,Primary Tumor,7.209736028181062
bbbd3cd5-cfd3-418b-ab3a-243de430a5e1,Primary Tumor,7.639973727453639
7abd9747-a947-4b15-b51c-c82cda9f065c,Primary Tumor,6.190223715161297
668d7295-629a-496a-b525-b5b8157baf11,Primary Tumor,7.442410263460185
82e982fc-138a-48f8-8127-fb20caa019a2,Primary Tumor,7.474079056995964
4e27513c-172b-4d19-a397-ade6df353e6c,Primary Tumor,8.65437574716076
0c212a58-9a27-4850-bb22-540502e893dc,Primary Tumor,4.960191961308764
efb3bf8d-7d14-42d6-8845-e81af909d47f,Solid Tissue Normal,7.368288185534677
8fadb6d4-de92-4301-9b6e-7dd857fec978,Primary Tumor,8.198838383138002
4a5c811e-d5d9-48d7-9bcc-4c9dc72df8f4,Primary Tumor,7.047595097359539
6d4fc521-df92-4d04-8118-d363ac31bfa8,Primary Tumor,6.784399284280013
77b2c8e8-d630-4b66-be6e-db594df4e0ec,Primary Tumor,8.488478455892981
475fdbbb-3d3a-4d56-8d0e-34dfb8cb6346,Primary Tumor,6.391900011334865
443ccb95-79d0-47ea-9915-18d5bc10eac4,Primary Tumor,6.63792173781862
3d08a99f-46c1-4e06-a042-521a54ebbe1e,Primary Tumor,2.5549817023668515
7c802f6c-03bd-4612-835f-c82f6b8f2137,Primary Tumor,7.940899073020079
667a9066-debb-4f43-94f7-3277e66d8991,Primary Tumor,6.91434087886201
de82c428-0b33-48e0-a337-42ac0a434a24,Primary Tumor,6.38867001100282
754343b4-f9f5-478a-a076-2791b8857c3e,Primary Tumor,5.652208254532362
8a518a19-2c85-42ec-b027-47139aa442d4,Primary Tumor,0.5764737651048308
9711a58c-08fc-428f-93a1-3d3db7df213e,Primary Tumor,1.7146191959833268
12f5eaa4-9f64-4465-bfa6-3d9307e9f980,Primary Tumor,7.7026963249944105
ac98f8d2-fdc4-4925-8fce-7e86d7b89dec,Primary Tumor,7.0449743595276
03680aea-84a2-4775-bb9c-24f8c5907247,Primary Tumor,2.8631058861760574
c568fdc8-6942-44ff-a9d9-3f7a03fdc62a,Primary Tumor,6.912423527951546
06d5f913-5f62-4200-8a51-26c8fa2052b4,Primary Tumor,7.145422719600219
53b14fb6-9f29-412a-921b-49e270fa2039,Solid Tissue Normal,7.2719354448465925
65f85615-96a2-4b3c-ac05-ab67d0bf9e99,Primary Tumor,7.316682488668742
f201ba16-5cb7-42d0-9865-e413fffa3532,Primary Tumor,6.560020949071491
2d99f93c-797e-49a5-8892-a4e31e17b9c3,Solid Tissue Normal,6.035082797625526
906a6a3f-91ce-4433-9a0d-e010a61782f0,Primary Tumor,6.619216372771947
5c32fbb8-55ee-4bc9-a0db-d8ac0b04bdc4,Primary Tumor,6.4132318739155085
a6298ad5-dd68-44f6-85cf-f1d2c7673aa3,Solid Tissue Normal,6.561104612902671
490ee22a-f171-4f7f-9d49-835afe7388c1,Primary Tumor,6.663805707074271
975121d2-ba5d-4b2c-bd50-278311c7144a,Primary Tumor,7.079733300642452
30e51b69-6778-4125-bb18-86694d42a6e9,Primary Tumor,7.272980560977765
05fa4573-6ca5-40dc-a48b-ec847b7c58ad,Primary Tumor,5.714207045285399
360ebab8-859c-4286-b613-befa0fa306f0,Primary Tumor,7.490771471186631
929473bf-434c-438e-b16c-c34bfb0b98ea,Primary Tumor,8.099199456375915
2e5071ce-d8cf-46e5-9cc0-91353f0d643c,Primary Tumor,7.167402087919307
58390e08-43b2-4517-b57c-ff899594e55a,Primary Tumor,6.989862217709698
1120d776-47df-4f72-862e-427d3c44dd43,Primary Tumor,0.33708307631078743
f90939c7-6e24-4aa5-8c34-c1fc1b79e485,Primary Tumor,6.981643766971669
0c09a94d-8885-49fb-91c1-aa0ebf52386a,Primary Tumor,7.1842435917271965
b45e937f-da60-4259-8fa2-e64ee4fdbe95,Primary Tumor,7.274847753548504
ffec28dd-cc44-4057-bcc3-ccc0cd2331c2,Primary Tumor,6.614140014268108
b5c6258a-8591-4f96-81d5-8ecc931b57a8,Primary Tumor,5.8214984885932735
db61f20e-e44a-4992-a9f6-b54fc2dedfb6,Primary Tumor,6.072588190668184
2ff24c33-39c6-4171-af42-f54e4ee8b021,Solid Tissue Normal,6.899903079769036
94613d97-0a68-4212-beef-3c97a0b363ef,Solid Tissue Normal,6.812943543768097
5fa5664e-daf5-4082-8d39-703a5d650e43,Primary Tumor,7.677971871031432
a4c14abb-5b10-41df-9da5-39f1ee194b7c,Primary Tumor,8.543618061901595
9a6d8661-241e-4a3e-a6fa-e2eb1962b758,Primary Tumor,6.2503723274831735
25f44be3-2e4f-4121-ac23-21bd3866dbce,Primary Tumor,5.463177757870192
8e510682-b05c-4792-a149-d713db6d082d,Primary Tumor,0.3787335592653803
27450388-ffc7-4812-b5b4-9819b0a74a0b,Primary Tumor,6.742201629974886
119e7a6c-7fd1-4a2d-bfdc-35cb13d39414,Primary Tumor,7.434332152899974
42be8d70-f8a0-49ea-94a9-58e320337843,Primary Tumor,7.175214192658802
8b071bf3-0d85-4aba-aa46-d0800dcc8640,Primary Tumor,0.6957266226209635
32046abb-8476-4e4f-8090-1ce003107490,Primary Tumor,0.08188496672922738
51ec5a15-11e8-435a-a3e0-2a99690309b9,Primary Tumor,5.06619254401226
aca8bace-37c5-4ec0-958c-13907ae97d1f,Primary Tumor,7.790744022828997
36e8195f-72b1-4d87-9be5-a487689aba5e,Primary Tumor,7.368892292638217
b7006975-82c2-4fcc-855d-5ef024ef3d4f,Primary Tumor,8.254823130530058
bb5264e1-0dbf-4b28-9fbe-0a8602c13369,Primary Tumor,7.7502628055793075
d84121c5-5421-43a4-825a-40f357ecc97b,Primary Tumor,6.990064243093254
946692ad-ed52-4bd8-85ac-efe5178b15b4,Primary Tumor,4.562053105783962
edfdd711-4764-43a7-9948-4320dc17b2b1,Primary Tumor,8.123774299356144
1c9ada61-d900-4498-9ef1-14a91212faf6,Primary Tumor,6.8816462674179935
f51ce896-53bf-4f3b-ac5f-a499b84a7add,Primary Tumor,8.207595187015462
df03bdab-42a9-4467-a767-b584bb60e926,Primary Tumor,6.918052238602539
e3339500-9481-4a24-a3b8-65b86dabc920,Primary Tumor,7.220486676917088
dba9c344-546c-49db-91df-abd25ae4b0cc,Primary Tumor,6.974739231365379
2c81c69f-e08a-4586-b3f9-33d4af417d1f,Primary Tumor,7.5962471645722855
8be16a1a-383f-4365-b1e5-139b1625e3ce,Primary Tumor,6.690819340159926
e585878b-98af-4e3f-b03c-6b5a4e7a202c,Primary Tumor,7.540969575132527
e6629c88-a050-41ed-afe7-e74255f4d3b1,Primary Tumor,7.436922206031592
ace52699-f049-4a11-ab3d-ce3719c62e41,Primary Tumor,7.706176880379601
1a06f92b-21c5-4666-b666-8b9135a4482a,Solid Tissue Normal,7.389520350177159
fb60fc57-836c-42e1-bc96-042b82d1a878,Primary Tumor,6.979466353354757
ece9f585-2710-4e10-b292-c5fbf588eda9,Primary Tumor,7.907652017399573
77819b24-ea90-427b-8a99-c9a90417c903,Primary Tumor,7.100503607540267
da428df4-37ee-43d6-9090-7b94d67968e9,Primary Tumor,6.951686864802514
ad636e79-be59-4821-8303-7d2e7389b22f,Primary Tumor,7.9180593964671
9bf51961-c60a-43df-87eb-a64dae9e4e10,Primary Tumor,6.714165823738964
74b6cce1-6a5b-4f86-8f41-d842106bfe8f,Primary Tumor,7.3905103464642306
2a9f6775-bb04-4262-9eb2-d64a8e027010,Primary Tumor,0.7179121696444288
bd98b566-f179-4be8-8b4d-672149eedcba,Solid Tissue Normal,7.0206777605413135
f7c8bdd7-48f6-4ecd-a4ae-78ffcb2fb28d,Primary Tumor,7.702032738891079
cce2b6af-bff9-4ad0-805d-b32aa6fae985,Primary Tumor,7.700584673966052
e6e83fd4-2f80-44e1-8dce-588a37308dbb,Solid Tissue Normal,5.759470123815758
84f2b69e-86e5-4bf6-a11c-289b1971775f,Primary Tumor,0.7641762763559282
cff4fca2-d0e1-4e90-9d3c-639f995fc9ed,Primary Tumor,5.80874799572071
9f1c581d-42a9-4067-8b91-5d309457b5e8,Primary Tumor,6.6376276335748035
074b0792-df3c-4b59-9f50-793bc14bcb81,Primary Tumor,3.8053853299743725
a0fce6cc-a525-4970-82b7-8512bb0708b3,Primary Tumor,6.846632463885099
f8670621-43a9-491c-81b7-8999ca9975a7,Primary Tumor,7.873749230244055
1098101e-1770-4055-ae41-d6c15e1c7b90,Primary Tumor,3.1441279677073304
a5e1a78c-7e7a-41e8-8c45-872028f6b5a0,Primary Tumor,7.683153236310307
81152340-ffac-4122-8b21-bef3a474a18e,Solid Tissue Normal,6.483656185410636
ef2621f5-ec61-42ee-879f-9d7615372a5e,Primary Tumor,3.686063450445188
0ece8b9b-d1c3-4f03-b70d-6bc06c6f52ce,Primary Tumor,8.1344478834732
347db78b-ddfc-46ed-9fe4-0ca52ac432ef,Recurrent Tumor,7.256382320523266
94913b2f-256e-4487-90ed-2c9b3869ca6b,Solid Tissue Normal,7.716038154308638
d2436cea-20c9-4c32-98d3-61eb445865be,Primary Tumor,6.553431161711341
911a72ec-dcb3-4454-8f22-7bd4f9d29b21,Primary Tumor,6.21440655421438
334cc9fa-3e9b-4462-b84d-dc595e89d537,Primary Tumor,2.598436671273523
864c2830-c699-433c-bcba-20f0c692854a,Primary Tumor,7.745178159978747
320660cd-100a-4f5a-a604-4de3ced7f042,Primary Tumor,7.868310191340839
a35c257e-f8b8-4d58-8ecb-92b1b0bc59f3,Primary Tumor,7.813313682283251
15998b11-5041-4e2d-94d9-cf714c796c13,Primary Tumor,8.213657855488957
de18a680-86a5-4319-a332-42227d490aa5,Primary Tumor,1.7649405731256065
d54e9279-578f-40cd-8e55-fbd7af5279dd,Primary Tumor,6.796457589042685
515aa64c-316b-497e-b877-7ab0c89a58bd,Primary Tumor,7.345944520910398
26c96b62-02b6-4108-9a2d-bec3d880db2a,Primary Tumor,6.871162297103833
04778fc1-a821-4029-a383-d88e711f3bee,Primary Tumor,0.2798872548411305
51847dea-489f-4df9-84f8-26a6f2579620,Primary Tumor,7.037645784109752
3973bbdc-bc07-4deb-955b-3c40e88a68be,Primary Tumor,8.031024041882599
e1638627-67cc-44f9-9a79-6748968a06af,Primary Tumor,6.139250503768788
e9d3cac1-3a16-4e21-8fe8-a4944ce82cb8,Primary Tumor,5.691416913266655
db07bd22-cf7a-4504-9491-1bdeb1e14339,Primary Tumor,2.0692209589308392
9835daf0-92cc-4237-838d-b122a15aa1f1,Primary Tumor,7.4212241409372846
b4de06a8-883b-4d02-afc6-d926c588c4ee,Primary Tumor,8.387939765319993
9ffe0bdc-838e-4715-8fd3-31f032c8f46e,Primary Tumor,8.60013555033922
6525f4e0-ba79-4576-89b3-df0ab6e45309,Primary Tumor,6.746694352871739
1a4c524e-8e75-436e-8ccf-cce6ae3d6eb3,Primary Tumor,6.823504815000307
63f5b69e-2307-4be6-98e4-b0f57b6394d0,Primary Tumor,7.421705519826027
22cae278-eb88-4685-9ff7-667e53b50a34,Primary Tumor,6.78101342515858
21285d92-3596-4a82-91ae-a99e22479a3c,Primary Tumor,6.565621545497065
76ac1fee-bf40-463f-a4d8-cb9affe0e7c5,Primary Tumor,3.2266010072960283
50966d1a-3934-4fb5-9fc4-71f399cf5105,Primary Tumor,8.184051135300141
a4b8b2f2-6a56-4999-bd95-c2c8e4aa3bd0,Solid Tissue Normal,7.206125482986563
f2dbb2df-c98b-42d1-9fad-9708bc42fa03,Primary Tumor,7.210932344493076
129f7ee5-6342-4a24-9317-d52462ce6a70,Primary Tumor,8.834702684282858
2281a9d6-bd48-418a-9ad1-04b06a251e47,Primary Tumor,7.587151181371533
7181e057-0ec7-410b-b0fe-ff8de3d14d98,Primary Tumor,8.811639604836854
b817c1a8-7e62-423e-b7e0-eb9136fe0455,Primary Tumor,7.825636822788304
82a68e91-48cc-400b-8520-4abcbff1a163,Primary Tumor,7.660860893425735
41e96482-bc24-4a1a-8ef2-8ef4d525ad40,Primary Tumor,5.120886879299346
5caf3127-967f-4d07-b49d-7126728e2048,Primary Tumor,7.5163256587374345
78d70b30-8812-4802-bca7-f1b8135b9cbd,Primary Tumor,8.186838253598216
ea47f0f6-aad1-4149-afb6-2026f64935f5,Primary Tumor,6.513024826407031
8be349eb-2407-4f51-809a-ceb5542e0cf1,Primary Tumor,7.2799773016426075
b7b898c7-f63f-43d3-864a-406e842db2fe,Primary Tumor,2.2909846222636348
89bf9c33-c1b4-4786-821f-802cf36eed43,Primary Tumor,7.356525038509221
0344d3bb-8bb2-459e-bc1f-ba31c7470d08,Primary Tumor,7.278743078344484
d00354a6-0cdd-42c0-8d0c-1f87f4fdc843,Primary Tumor,7.188014125716946
e173308d-ac80-4c15-9b0e-e5cb09321a56,Primary Tumor,7.629463725281062
9ee64463-e09f-4983-b83d-a6a5481cab9a,Primary Tumor,7.758816163799302
306febc7-f9b2-493a-9520-b9700d0f3e47,Primary Tumor,8.579383073198905
d1a18468-9c02-4d61-8e3e-43a6d23d402e,Primary Tumor,6.898950796207946
b0eade9b-2ce4-4ffd-9db3-56958b452af6,Primary Tumor,3.089532048350667
fe20855f-d3ce-4e02-b2dd-3df15eab44bf,Primary Tumor,5.880249614678514
38259364-ebcb-4f5f-8471-8ffe7e3267a7,Primary Tumor,6.812794691804863
ba3e1d1e-3193-4770-9c57-b4ff1502af38,Primary Tumor,3.582929273137852
18be89fe-3383-45a2-9c0e-b1246e88c82d,Primary Tumor,6.623866861852698
c96036a1-2f21-47fc-a5ea-54389bf26502,Primary Tumor,7.096687749610123
055fcce9-7448-4a16-ad18-d235dac7ce97,Primary Tumor,5.567295972225942
6508912f-5f91-43e6-8e63-9233bf3e81eb,Primary Tumor,8.346571794378345
a912206f-60e9-4564-9d84-db9c3ee75343,Primary Tumor,6.632758241370576
c69e8ef1-57a7-439a-9b05-66f14b019322,Primary Tumor,5.953174427398576
75473987-65e2-43eb-a5bb-04cb7a40c902,Solid Tissue Normal,6.917642988289328
895ca581-915e-4057-b66a-dc2d5213d7e4,Primary Tumor,5.728004836145022
d86a1079-2f10-4c42-9b6a-14498715c4ad,Primary Tumor,6.184101732003053
f6582ef5-5f6d-41d7-850a-614257c9e3b2,Primary Tumor,6.854597891533979
0869efb9-b167-45af-8b2c-67433e39baad,Primary Tumor,7.841873137903782
cc481383-4ebf-410c-8dd7-ef0b117bd035,Primary Tumor,4.955972988547332
deddc259-f962-468a-bfcf-60da1e695833,Primary Tumor,6.2320332782283705
b5b3c685-304f-4279-904a-c86c18f61576,Primary Tumor,8.077257421537391
55bbaa27-e618-48d6-bac3-80e9cfbcdf2c,Primary Tumor,7.294702529923104
968c4aa2-2bcd-4823-b7fa-fbedc41ddb25,Primary Tumor,8.095761474843881
7671d2c4-d6da-46d5-8ef0-baab496456d2,Solid Tissue Normal,6.79334839708998
5a7bd024-3d92-4e64-86bd-b6eea34f6526,Primary Tumor,6.763966554720058
a412b415-0692-4adf-8447-067ad69913d7,Primary Tumor,6.8572880863962755
46a5c6c0-f460-4036-b3e6-eea9ec82ea14,Primary Tumor,6.5069715936854005
4320b770-69f3-4dd2-afea-8b7f7cdf44c2,Primary Tumor,6.762126865934196
5ecec8fc-845f-43cf-82c3-73dea85cc53c,Primary Tumor,5.484421743098639
359d07bf-89e3-49fd-8237-723ffb299cfb,Solid Tissue Normal,7.056543428863395
db5e9553-ca85-4dcd-9229-2ac1ba208d52,Primary Tumor,6.568927429110801
65b91a69-f98e-49b5-8f87-667dd0aeafdf,Primary Tumor,6.2852930878022235
c140ee8e-c45f-47fb-b214-c3c8cdde972e,Primary Tumor,6.094195947499541
7a26df49-5d12-4dc2-b686-07e015a415b0,Primary Tumor,8.289757017812828
aaa72a07-5214-4145-9fb5-99c22b7c248a,Primary Tumor,6.56219204351458
e0ff7e04-078a-46a4-ac8c-8a287c1d608e,Primary Tumor,6.85042065096035
5695292b-7c39-4ee6-94e8-987f4a456635,Primary Tumor,7.442050240890987
ba8aebd8-07de-46c0-a28f-b2408c36f07f,Primary Tumor,6.439822574698769
990303de-eff3-4418-b305-9bf63236826f,Primary Tumor,7.375361828972008
52363b7b-f157-4fbe-8388-169b6152c9fe,Primary Tumor,7.611980128033477
e17426a8-cf69-4ed4-b54e-cc33cbadf095,Primary Tumor,6.316799224930215
db9bab18-a465-445f-a4fd-dc90faa1da6d,Primary Tumor,7.665950530687099
3e752bb7-c91d-46f8-ba39-a40e26357b4d,Primary Tumor,6.876374511768321
508c6166-6095-4133-a42a-79d75b0c0e31,Primary Tumor,8.51136168973015
4bd86df0-6768-4741-8d01-51fe34dd57fd,Primary Tumor,8.261474400100733
239d18cb-2886-48a0-9a3d-76558819dabd,Primary Tumor,7.286136326840655
656fd74d-49d8-40a5-8eb9-dac0fbe4ea2d,Primary Tumor,7.393790280631825
c343f781-c1df-4349-aab3-f159329a11da,Primary Tumor,6.797221842124287
4297f902-2495-48fb-af36-31e61f727215,Primary Tumor,8.105629368516706
09fb135f-1c19-45d6-ae31-a8c32a0e06bf,Solid Tissue Normal,6.439282368647474
e4bb1f41-bf42-43f3-aba5-98f3a02a7e03,Primary Tumor,6.28284008622486
a03c9de0-7526-4942-8a7a-5fe03ea191f6,Primary Tumor,5.184260455242257
eb29ba2f-e237-403c-ab72-a5dfae705b05,Recurrent Tumor,6.992403632921802
63a884f4-0d20-4cb5-b485-72e066b6490f,Primary Tumor,1.6889859834367995
94861d8a-3b40-4334-9fb5-c9df71a1e1da,Primary Tumor,7.4955232887817616
44d8e988-1a2b-4588-a64a-cf5a6c164e03,Primary Tumor,6.775203338928982
c3e2e99a-537a-4263-a835-fef5ed2c3588,Primary Tumor,6.575068734303582
f2d6b758-501e-447a-a3d0-f899e532ac84,Primary Tumor,5.7856630127053155
08d83462-5fcb-40c6-9d44-dbc42faa4df6,Primary Tumor,6.989704436640643
f1b1d4ff-2556-44c0-80b0-1fd3b659c227,Primary Tumor,7.3435295223497015
f73807f5-edf8-4a4d-8550-048d9c5413e5,Primary Tumor,6.938177562169122
19bb0296-340e-4594-9a87-4134b15c7187,Primary Tumor,7.087733321213801
b06a3383-3a16-4f91-91c4-71cad60dae4b,Primary Tumor,7.487856912050705
661b6fed-d56a-452b-adaa-4b48ee9f4dbb,Solid Tissue Normal,6.138980300507443
81d92351-c619-4585-9281-de33eaaabba4,Primary Tumor,6.750055742530002
030d778f-ecb4-44eb-8baa-4286e18c9fdd,Primary Tumor,7.659846086897993
0737eb23-c066-4522-8f5c-dbb4b3b516b0,Primary Tumor,8.158358235985682
29bb005f-53d0-44e6-8626-d6bbe0dba8be,Primary Tumor,6.520813514708084
a9e3a464-50ea-49a0-9482-1513ed167bf4,Primary Tumor,7.722341012808584
371fd35f-eb3c-4346-8197-8ecf4c9ce220,Primary Tumor,1.8383870797782036
36101746-9c10-478e-96fb-8b47d057a6d4,Primary Tumor,1.6796039548362183
caa4bc15-6e54-4d5e-9d91-c25e800b71b9,Primary Tumor,7.636912405874174
75719c78-9935-40e0-bd30-1f8eec34badf,Primary Tumor,5.437434165919581
692a5c89-8f1a-4e23-a490-b092c6bb37c5,Primary Tumor,4.182811457934266
fdcad604-c1b4-40ff-a652-3c1e5fe5f9a1,Primary Tumor,5.358568570448097
36c7d3a4-193f-49fd-b367-e7aacc4eebe2,Primary Tumor,6.723838390959033
404b3699-4707-49aa-b0d2-a0999bbd48e6,Primary Tumor,6.539284459720523
201c0fbc-124c-4ef0-b767-393443a47892,Primary Tumor,6.309279888373756
df452e00-a7e9-4045-83fb-623885a542d4,Primary Tumor,7.1417209251201115
ab24be1b-969c-48f2-bc98-8b89bc719b4c,Primary Tumor,8.229059119634158
1aff8a31-97b2-4bde-ac5a-f3a958bf74dc,Primary Tumor,7.709266507880913
6b6751a5-2dad-4bb4-bfae-b2239770fad8,Primary Tumor,6.956740887180342
40dba5d9-ce2e-483b-b4a7-19fbca8158e5,Primary Tumor,6.785742776216074
8a2d17e2-4ec1-42b6-8825-6d80ffe4b916,Primary Tumor,6.435240200805359
775f63d2-d752-4d68-abc1-129fce5c3301,Primary Tumor,6.3103055798688095
db0caa6a-e863-4dad-a911-0c69127be9df,Primary Tumor,7.331977451497162
1876b908-e911-464f-be23-2b4eae0a43b6,Primary Tumor,7.264923887454352
d3d249ab-0483-4e9c-99f3-07afb5b6dabc,Primary Tumor,8.381517860617869
0766019a-c9b7-4224-973e-f1cfa16082ac,Primary Tumor,7.49469400959577
c79162f6-be6e-46b1-aca7-438423fed6c3,Primary Tumor,6.525533337192996
901c6ff1-19bf-48d8-894d-766f1995a916,Primary Tumor,7.898840783878323
b080156e-0711-42f5-83c7-a34de25cbba9,Primary Tumor,7.909518114296615
f7d58012-79f4-440f-add6-8a00728e96ba,Primary Tumor,2.7343519500801063
a135a2b4-bc6a-4dd6-baa9-f08ab2d4971a,Primary Tumor,7.630167361718521
b0b5b05d-f782-449d-94cf-8fd74a4bd30c,Primary Tumor,5.101650076094435
669ce970-42a3-4797-bf9c-0de40a021bbf,Primary Tumor,6.817462096404613
2bbe47a1-f055-43e7-94d3-06aafb5af6e8,Primary Tumor,9.159961628502618
169b5555-f64c-4bbd-9c07-af0c42ddb6aa,Primary Tumor,5.705115343396587
aab3583f-37ca-4f2f-8428-aa8eda2c2274,Solid Tissue Normal,7.086698859274438
8af996d7-2c5e-4d17-b1a5-8751f4784eba,Primary Tumor,4.322901585523822
0f01f50f-495a-455d-986d-28c65e345a80,Primary Tumor,8.17050446774908
cab5b00a-9cf2-4e1f-b2f3-93d27b73631e,Primary Tumor,0.3233124177579027
7a3f27a9-476d-43e2-abb8-db402f80dfcf,Primary Tumor,6.105474849392301
361e4878-4535-499d-9987-7295a078bbee,Primary Tumor,7.577301925718042
b6c69243-9731-4578-b037-ac997cbdc7dc,Primary Tumor,7.611300764745217
de38d138-723c-4256-98f4-2788f7cf1e87,Primary Tumor,8.776899159842557
a777fb14-4498-4f32-bccb-1e8521567302,Primary Tumor,6.65607013479374
555bdfe8-80bb-46db-80f1-421038f5c2b4,Primary Tumor,7.6200247643514025
88885dc7-5edd-4fac-95f8-9586880078a8,Primary Tumor,7.098413241076017
26ea6a31-ea33-4bb9-814f-c0840dafe69e,Primary Tumor,5.816315542373863
593e91b8-cbcd-4dbf-95ed-9dce881a430b,Primary Tumor,7.2222964531619835
6c66987a-38f6-4125-8ac1-aa55921fcc26,Primary Tumor,3.4933783405414616
4b2e6f07-59e6-47c0-85ea-1e73f3354a01,Primary Tumor,6.562028675788814
472406b3-cc1a-407e-bf38-a79046cfa952,Primary Tumor,5.50206958932812
8d308359-6f2a-4c2a-a2e7-b1a3b8d79de9,Primary Tumor,6.245415798220478
0905662e-ae14-4807-94ef-69db108fa2ee,Primary Tumor,7.044894603998129
62560d5c-0cae-4fc7-820a-9c1236eb2c80,Primary Tumor,6.811677812274895
3ce6800e-9df0-45a7-9e18-7e141911e4e9,Solid Tissue Normal,7.286941197241328
1529d8e6-10d2-4e7c-bfb1-66820434c835,Primary Tumor,7.710144501471642
09f9f414-db5b-4b54-9e8e-234bf9d7c678,Primary Tumor,8.381015957625838
bca264e4-3883-409f-ad4e-f56f81c7c93e,Primary Tumor,7.801245975828499
576ad342-ce70-4c3c-b69d-8f1f5c4cd358,Primary Tumor,7.511607191153511
8ddad1cb-d2ab-4fbf-865e-f134fcce0194,Primary Tumor,7.246604753157215
29dd3ad7-f2c6-4abf-8e81-6734e4bd8a6a,Solid Tissue Normal,6.8414901276133655
bd820f5e-c8fd-4af5-b81c-2c51715cd759,Primary Tumor,8.002120217381776
d52fa71c-9f59-407e-8481-d0ac47ba88b2,Primary Tumor,0.8593335093962684
3f441cc8-98bd-4650-b5ad-19ae8542b666,Solid Tissue Normal,6.715238574395398
07a53d2a-ebf6-4517-880a-064bae5ee972,Primary Tumor,6.237158324018379
577f10d0-c9a2-47c3-aa2f-b1bd5bd86d90,Primary Tumor,7.82043300758013
3e6105ba-3a23-4ac6-bf0d-1193fb2e679e,Primary Tumor,5.077836877306182
d23c89e5-b295-40b7-a5e8-ee1d4a584dd4,Primary Tumor,8.158687437663172
3c421a7f-8bde-4b4b-90e5-cf0ea11274ab,Primary Tumor,8.0588770979652
4f59681b-3811-4569-aa50-ed031f7e370a,Primary Tumor,7.871848575738065
47fc2fd2-84ce-49e2-8481-407d7a639042,Primary Tumor,7.860062694428947
736227d9-3cee-40ed-bdec-0e88968ef179,Primary Tumor,8.285838198307633
afdf58d1-5814-4e78-a92e-26fbcc97da32,Primary Tumor,7.403327378863934
64c35a37-5b92-4e2e-831d-9bbe50401dd5,Primary Tumor,7.097540219135108
5f4fa91b-489e-4ac9-b685-53952f77bd7a,Primary Tumor,6.154376627448086
dc782ae2-13ec-4fcd-bae7-cafa8280d5ee,Solid Tissue Normal,7.421031376034326
f8d97584-0c4f-4bb1-b4a7-77d87aabc852,Primary Tumor,2.099564527163197
932ccb56-ad41-40a0-9ab3-21f490c60af5,Primary Tumor,5.35110531389041
69e97c5b-4c8a-4710-a0f6-48ebfd917f5a,Primary Tumor,5.222321572965381
648b0d02-f264-4d88-9997-baed8f000a60,Primary Tumor,8.71565832331376
b6a0d742-e7bc-4d67-8014-675e62f1ddd0,Primary Tumor,7.6642289526232155
dcff773b-20f4-4c90-9a3f-78ef2e0f484e,Primary Tumor,6.796178516310484
e7ae9253-4c2d-41bd-9d3a-c37e9841f479,Primary Tumor,8.058535134783694
45fe5e83-1e4a-4e0a-ac03-62ef32a90e77,Primary Tumor,7.067208459784438
5ddf8f4a-edd8-4b97-8d4d-76655d9018c5,Primary Tumor,7.096145869345758
1ab1279d-7ccd-4450-8de8-9987bf6627dd,Primary Tumor,5.223225594716635
d05a80fc-d08a-47df-b7cd-0172b9977d46,Primary Tumor,7.2869947777202055
cc640c34-516e-4cd8-a32c-d6f9b856696d,Primary Tumor,7.535988381724082
56e9a740-ee72-4c10-a90d-921034141b42,Solid Tissue Normal,7.4590840184148295
4981d1f3-2824-4cd0-81b8-e12a9727a248,Primary Tumor,4.7881479925114565
06a639d9-ade5-4cbb-91b0-a41449ce4f49,Primary Tumor,7.724160468930152
ad62355a-f287-49b2-84a9-64c0f5847c20,Solid Tissue Normal,6.624030688781686
e98c7df6-1a65-41a0-9182-c752c89eafc7,Primary Tumor,7.603385257548614
eac45bfd-6795-47a4-8d6b-5a7c8bc76cd1,Solid Tissue Normal,6.302141719448935
8b55c916-963b-41d6-b7ce-7e8ccf958c80,Primary Tumor,7.545821683535336
ca8dc4e0-e8d2-4574-b3a0-74b058bd2b96,Solid Tissue Normal,7.775299487646426
87d1edd3-df03-4046-a888-86baa85639b6,Primary Tumor,7.3666395722467115
0e6fc8f1-34ca-4f3b-9d71-5a867e5efb07,Primary Tumor,7.299202522395702
614afd6a-05ff-4914-896c-3ac4280e510d,Primary Tumor,1.1933301953843043
92b4ef29-b45a-4ec4-9251-8d6fb32cde90,Primary Tumor,7.796509503595543
385d903b-bab4-4c2e-8334-3a304d1a56fa,Primary Tumor,0.9236436253457025
951f2356-17f4-4f4f-a8ec-855c7e93dce1,Primary Tumor,7.273189493382429
7d27e93b-f225-4b30-91b7-5b968d04d783,Primary Tumor,6.649205870960103
215f38d1-a17c-4189-97f6-ae20361b0f3f,Primary Tumor,4.594966488398486
2a7831f2-aa57-4e6f-92b3-0a7a727d5637,Primary Tumor,6.2278989197250585
3cd897bd-893e-4497-b9a5-56141816cff4,Primary Tumor,7.44907103909139
beb3712d-76e3-4c3a-becb-c94048ea8a7f,Primary Tumor,5.976503407229795
2e2eb2df-d002-49ac-86e7-5ed33e9eabf3,Primary Tumor,7.666171443355678
37fe51a0-c056-492e-b0c5-eb0502d73416,Primary Tumor,8.488961604587464
987832ae-aab4-430f-abc1-8783736fbe69,Primary Tumor,5.943002358728853
3aa81439-d4cc-41ef-9568-e6a11c8b1b52,Primary Tumor,4.497382435736466
5ecf82a3-8658-4a64-a14c-fc5d1d6f56f8,Primary Tumor,6.504623570142434
ae037177-0902-4c94-8e3c-632e240d3945,Primary Tumor,8.006879204295176
140633c2-a8e9-4a2d-a044-082cd099ff98,Primary Tumor,4.079702371697378
89bdfb20-8991-4bc4-b112-6e9be096b566,Solid Tissue Normal,7.226366912167068
bec02792-06e1-4789-871d-b5b4a5989786,Primary Tumor,7.721756114918183
cde8569f-d0a0-4f05-a86e-0f9d84361faf,Primary Tumor,5.343535740324862
14d76abd-84f2-4875-8d03-5a27b4505715,Primary Tumor,7.167843615398501
b0dc4a18-3099-46fc-a518-9e411c6c15f3,Primary Tumor,7.687489764696007
883bbed6-0216-48c2-9694-5dba83ce65c7,Primary Tumor,6.0831005867948305
51054c11-8e2f-4f52-bdaf-ebb515508a28,Primary Tumor,6.283321758957838
3ceb828a-3612-46e8-89c5-397cb20e5356,Primary Tumor,6.803734629034294
ed3bcbbc-0f04-415f-a083-e34cefa9e310,Primary Tumor,4.835817989836452
a14f02d4-6d07-409d-af7a-5d5f23640ad6,Primary Tumor,0.07983888066667044
f47927c5-e1e9-4152-9817-79aa6e64111a,Primary Tumor,5.666606066636466
ad8bf3fe-2831-4c1c-81f9-c65e09b2d45e,Primary Tumor,7.372650054242914
9f0a9ce9-6258-4a82-84c1-dc017a7eb760,Primary Tumor,7.607891006237972
24079217-3899-4843-81fc-638293771d93,Solid Tissue Normal,6.96358856399439
157223aa-aab5-4522-8ff2-8104ea3561d9,Primary Tumor,2.471707725463265
d3f1b81f-37ce-47b6-b98d-8530076007c7,Primary Tumor,6.707385362661349
4c37a5fe-812f-42ac-aa56-259b31df6894,Primary Tumor,8.711909553050798
bb64143e-c48a-45c7-914b-4ec5bcea9e27,Solid Tissue Normal,7.212706481739388
25857230-7253-4929-a790-90815194b213,Primary Tumor,8.12340392273518
cba15984-128b-4bd9-8202-14afbf1f74b2,Primary Tumor,6.879754770037015
505bfb1f-dc96-4f7e-ba2c-8e20eb0e1f6c,Primary Tumor,7.811517912219122
f8cee5c6-bfd7-439d-8ba7-20ee2dfa5d68,Solid Tissue Normal,7.07772047077355
8a898b7d-6f1b-4d2a-9f5d-0751ced1d7bf,Primary Tumor,5.785979425598559
38ec487d-0a4a-4287-9c14-4bfdb959b402,Primary Tumor,6.90901460200132
842cb3d6-6ca5-4924-a7bb-98720352b548,Primary Tumor,5.7237332906382585
458042ad-bec8-4433-80da-70f517a440f7,Primary Tumor,7.2190862167195995
38bc7dc7-3a4f-4fd9-ad6d-306dc8a3b7f6,Primary Tumor,8.923243090491116
df504497-a30e-4a11-a62f-dcb46e741dfb,Primary Tumor,5.629534395787583
9940e2a8-6a68-4482-a1bc-2a6edb7d52cd,Primary Tumor,7.656794517693916
46ef57a2-e2ce-4ffe-9ce8-c043c6065863,Solid Tissue Normal,7.087126526812199
2bf191f1-b880-427e-996c-0e75df13d738,Primary Tumor,5.620296082848735
bdae198f-aedf-46cc-8156-c1ec37eac88f,Solid Tissue Normal,6.448408739073294
739b3fc4-0924-4d13-aecc-acc93cb9f486,Primary Tumor,0.05505679336893509
e39f6bf6-2206-45f2-a1c0-81fc1d858fd2,Solid Tissue Normal,6.601427620127707
bbea4239-0ce8-4540-8818-d73d076b3aa6,Primary Tumor,5.553698403400744
ce886e9b-2167-486f-8d8a-d4fec39d86c9,Primary Tumor,7.132634417720037
87b1a89f-591c-4d6b-929d-2eae2951740e,Primary Tumor,8.115307448003014
1d7b2b60-11d7-4803-8c7f-45fc6ce45a25,Primary Tumor,8.547017122326126
97541ffe-94e7-4130-9bac-65528de8d6f5,Primary Tumor,4.0731432757492465
6ac6539b-76a3-4b1c-8da3-6d621308454a,Primary Tumor,7.168162635249839
dfc3bc40-b667-4f75-a932-4074c0b0c408,Primary Tumor,1.2539287746045011
23ab7447-ba7a-4947-bacf-2c0b209b38cf,Primary Tumor,6.976495387919917
67543f50-3821-4723-842d-3924b9a32142,Primary Tumor,7.188559175581363
62cdda72-a90e-49e7-9423-24540d696049,Primary Tumor,7.57619936984841
bb69e798-8c83-4c12-b622-3155e1972e6f,Primary Tumor,6.615247074371828
de26de4a-c738-4a8b-a44a-0eab208c0db2,Primary Tumor,7.246740598493143
0f37f5ba-3582-4c61-8c70-bf9b0ede6e71,Primary Tumor,7.08352932216469
deb2d529-5ea7-4a41-be07-f9239d7ac759,Primary Tumor,4.859134689743943
9f01664c-19be-4841-afb4-297483d22ec8,Solid Tissue Normal,7.808778237021638
1bcb7da3-a08e-4f9d-a960-fe7bdfe4222c,Primary Tumor,0.10742005883636482
12c95903-cae1-4f9f-97c7-05ab05f4fd7f,Primary Tumor,8.032193433703908
0e9c2659-4131-4274-b0b4-3e191239f5f3,Primary Tumor,4.029947540243532
8cdb3ed5-5922-4833-b255-30d9322f8fe9,Primary Tumor,7.165163271311544
927beddd-e0e7-4695-b744-79f27519389e,Primary Tumor,8.398666318662713
3ca2ec6c-4134-4595-9c5e-68c886d3aa1c,Primary Tumor,7.1697175991227855
de0b900f-151a-4173-a070-3ec31ec05aed,Primary Tumor,6.672493231905434
0d1f21df-73b3-4dd0-9ad4-fd5c7a5d2424,Solid Tissue Normal,7.464006553349892
4b98f37e-33fc-4bf0-b6cd-4c900bcc9d2a,Primary Tumor,7.361565729337218
fc732523-d387-4a1d-ab81-34e44e869bac,Primary Tumor,6.060151170946765
3361d7bc-344b-44b2-97bd-ac0dc79b221f,Primary Tumor,5.645623850540081
b91d8293-6331-4f76-98f0-335ebce83539,Primary Tumor,6.7791717164431144
d8334fd5-d042-48b4-95f5-4d5e3c5166e9,Primary Tumor,7.377624405173567
cc1174cd-f902-46f0-9e69-b285b2b1317c,Primary Tumor,6.7902494353515905
7666bfbe-6803-4b5d-b3b4-e9069fc4bea5,Primary Tumor,8.255219342408354
1e2233cf-4391-433c-9ef0-c215056ad02e,Primary Tumor,8.279214975353188
efc4983d-f573-4996-bf5c-5aaa1aafd730,Primary Tumor,7.66501251825926
133bfadb-ed2e-4b10-a5bf-46d31ade6dd4,Primary Tumor,0.6408059957084407
8b26e78c-f162-48fc-8c1b-9628baa3ca62,Primary Tumor,6.621140510052828
3976128b-36ba-4bf0-8121-867e89aba2c9,Primary Tumor,8.41245510406011
c36f84e5-8c59-46fe-af32-7f70684383b2,Solid Tissue Normal,7.741023997536122
cb59cd67-2756-45e1-80c7-67ad6d6823d4,Primary Tumor,7.444066536664225
8a884668-03c2-44bb-8ea0-5b0d0bc68aa4,Primary Tumor,7.318051961351847
4dbd91d6-8d7b-4e6d-9dc1-3347c3f3996d,Primary Tumor,7.120991563130851
b0a1b626-c44b-4a95-b4a4-383fc63f8649,Primary Tumor,6.870251272436055
89785c02-2345-4fa3-b73b-4d9da706c972,Primary Tumor,5.840317194519483
eac5ebd0-d788-4908-8eb7-976d6b611667,Primary Tumor,7.7256518713099815
8dbb93bd-bf45-4148-acdb-6609d5c4a1e3,Solid Tissue Normal,7.59261923790302
71ac888b-0acc-4cfd-a21a-4c9ff8d06bf9,Primary Tumor,6.389198519601838
52d91ece-345c-4c5d-800a-121955b93c66,Primary Tumor,7.8689774625887665
6855a406-c085-45c7-b789-981786f0c775,Primary Tumor,5.412300546823973
9ffe8343-d98f-4c5f-b29a-cbcbdac0c008,Primary Tumor,7.127863325023892
2e0c7cfb-2794-4c86-b43e-8215c39186d8,Primary Tumor,7.152633683850159
e824e07e-86cd-43eb-8f36-c60f36194f3c,Primary Tumor,8.354558387574288
b6d704be-2e8f-40cc-9c09-ffde6be5c814,Solid Tissue Normal,7.012817816327941
15a57d06-841c-473e-b89e-389f1df3504a,Primary Tumor,7.640845753243315
44964e02-9283-4a48-a9e4-006a75d4120e,Primary Tumor,7.477489531877326
32876f27-f304-4be0-8881-f9842a9fbb67,Primary Tumor,6.271625497032249
3d6cb261-d0c4-4e98-8918-d7d678cb97ae,Primary Tumor,8.31835661433423
249b6388-cdcd-477a-9461-cf0e41146230,Primary Tumor,1.6012686357255512
ac9d6b6d-37e9-44ca-9f70-0e6351c39341,Primary Tumor,8.183114279706123
cb6a3198-2662-4150-bee9-51b692968209,Primary Tumor,4.77365353885879
d4778869-f3f2-481b-ab02-65a654128766,Solid Tissue Normal,6.677347558019085
fd52d8a9-e044-4f17-861a-9780752b20ee,Primary Tumor,7.802938933714081
9bd26335-dd71-4821-b7d1-a4e24430fbb3,Primary Tumor,7.318644935791723
a4ed7fd8-e220-46e6-90f7-3b208dbf4e05,Primary Tumor,7.090524256928413
bbb70a6e-a91c-4c67-9ec0-b33185ab4f8d,Primary Tumor,6.480541418234372
3362c701-3af3-4947-983a-6039b67d1526,Primary Tumor,6.395777455932134
9db8b103-5f3a-439b-993c-14879744c30a,Primary Tumor,6.97664774718565
7a59e84b-2d4a-4148-966d-7eadeb61ef38,Primary Tumor,7.242104183276273
b9ac77d6-9a1b-443d-8ef5-e8ef2e3008dd,Primary Tumor,6.8663652585943655
6c20a899-c806-46d0-b744-a26e53a9cb45,Solid Tissue Normal,6.761642976953852
c2accf79-6461-4082-b201-c6f881dc6ea2,Primary Tumor,7.97528052054089
12272d02-341e-43a2-aa23-7232a8dde730,Primary Tumor,7.751489161992046
a60f0ff5-6f4c-43a1-8dda-10b882880bfc,Primary Tumor,8.645822684965458
2f2cc9dc-1d0a-4302-b674-02d56c259ff3,Primary Tumor,7.080613964030422
49453e81-56b8-43b7-b56f-6195038a1142,Primary Tumor,7.635804443686762
bae11f13-84a4-4fe3-b9e4-9d48b74896af,Primary Tumor,6.8405236596215095
c48eecc3-0099-4dd4-b319-f13ad65bdc7e,Solid Tissue Normal,6.303143264862798
9796354a-6ac6-466b-a82b-f1e9785bc447,Primary Tumor,9.012184261161106
a71c722c-3483-4910-926d-c79b6c9a4e7d,Solid Tissue Normal,6.185676287266674
d2000aa0-a3c5-4155-8995-80ec5f4436e2,Primary Tumor,7.560700435754296
bbb426a9-806b-4417-a3cd-4dd1b0c87792,Solid Tissue Normal,7.234222511047104
ab3c7d7c-7ad0-4f26-9991-ddd288598936,Primary Tumor,5.696903559542118
40e350a6-fda3-43ff-9405-bda7a7c534ae,Primary Tumor,6.190051814856492
5dd8168d-fe35-4a32-8520-1deaef953b10,Primary Tumor,8.201051569181443
9ad544f6-b684-4a97-8d05-f812267962bb,Solid Tissue Normal,7.085106992116724
d4eb86d5-1952-449c-a5d7-20ccc04f0d07,Primary Tumor,6.696612892544577
978939fa-a27f-46ff-9120-7a43e3588b28,Primary Tumor,7.215516497840888
1c5de7db-7e05-4289-ace6-b59b6e2392e7,Primary Tumor,7.66596971094141
942673a7-5072-466f-985c-42d38aeb5c2c,Primary Tumor,7.701890007216733
0052ae83-7ae5-470a-a125-5cd94a9fa9e9,Primary Tumor,3.480303903657962
e6b0ab3e-2b95-4803-91f8-cfa385fe0386,Primary Tumor,4.295252823267693
7cb19688-bac4-41bf-b69e-977ac0da0aa1,Primary Tumor,5.657917200087866
477d7181-e081-4577-ac06-e508b1239989,Primary Tumor,5.082195888255106
85c794c1-3fd0-4a10-a613-9db7eff3c78f,Primary Tumor,5.61452434282747
bfecde55-3ed3-4977-899b-d7c22b6df15b,Primary Tumor,6.988425660001097
a5c19494-731c-4519-b8a7-b7307aea2f9c,Solid Tissue Normal,7.480714278407368
5f2d965a-25df-4736-a675-efeb59341a04,Primary Tumor,4.674895609161771
b5df8e57-5822-4192-a4a4-398d11e9d968,Primary Tumor,7.357225601928967
023a34d9-c000-4053-b695-5b984b4a6fc1,Primary Tumor,7.096142706022973
4089d037-ab25-47a6-be68-19742473cbc6,Primary Tumor,5.86918788839212
6feef177-114c-4285-b242-481fe0aea551,Primary Tumor,7.693254156039158
cb93a89c-f291-4042-a988-0fb1b392e4d7,Primary Tumor,6.794617309701314
a5407526-9c45-427b-abcc-65d6e1f87158,Primary Tumor,7.821649633834837
f93cc1fb-b3d9-4b1e-94bf-54e40b505b34,Primary Tumor,7.423399167540529
5d65e761-0cb3-4e52-b14f-79be5850dba4,Solid Tissue Normal,6.869310057033718
6bec00ac-81d0-4f29-bb4d-99102992914c,Primary Tumor,7.938283439150496
503df94c-0048-4f7b-b957-3f8304be73f0,Primary Tumor,5.872213143975773
e6543906-a4e3-447c-8040-310979304204,Primary Tumor,7.870266070395982
466db517-921b-47e8-b249-b4c9bd714bfd,Primary Tumor,6.501033031453185
269a7c8d-f4d6-4f1a-a85b-874934f214b9,Primary Tumor,7.848790671360119
d21e7461-c76d-4ae7-be02-313c3c34118d,Primary Tumor,7.340538235777059
4f00f94a-f0db-4840-a230-3bc9866bc184,Primary Tumor,7.589025624628529
4756b201-87c2-4428-b2cd-f933422fe8cf,Solid Tissue Normal,7.1599480094424255
1f911a28-0d7a-4f57-b358-cc6277b2008b,Primary Tumor,7.486164892448377
3f474548-c7b2-4d5e-9f8d-03c800a094fe,Solid Tissue Normal,6.822807888250559
9123a775-d686-49ab-90e7-0dc572c2fcaf,Primary Tumor,7.925461867062393
a308da6a-7eec-4a96-8884-d6ea49637744,Primary Tumor,7.187880552141541
850bb68e-cea7-4d66-b044-24dbef74e255,Primary Tumor,7.3180411119881565
13f74ba9-96c5-4074-9589-3ce0e183c0e9,Primary Tumor,5.852365958284103
7cf36ebf-b16e-49ac-bcc4-b127b1f2a3da,Primary Tumor,7.49043134138508
a8252e2f-1dbd-4f3c-9e11-599a33d6fd24,Solid Tissue Normal,7.440664892441663
e8da0b02-8b75-4a85-b91a-6f8d1582a95c,Primary Tumor,5.186595635467595
41f852c7-01e8-46b3-8082-da2e00a4ef9d,Primary Tumor,5.381065290312473
9c7f6057-8225-4447-adb3-aed12aa974ad,Solid Tissue Normal,7.198219103857192
d72c21fe-ff33-4f1e-a138-420968f1daf4,Primary Tumor,6.377677323995343
7429ab01-a223-4be3-9b41-99100ea06d99,Primary Tumor,1.7048277093284827
69933ac8-e7a7-43b6-8231-2ecb35f88d52,Primary Tumor,1.8427375246332878
2fa40914-d149-4f67-aa78-64723258314f,Primary Tumor,6.812277440160039
254bed99-398d-4c34-a804-67516d257e70,Primary Tumor,0.12008647067252551
cfac28bf-001d-4db8-942a-d244f93139a7,Primary Tumor,3.308550185190573
64101504-305f-4c62-bc27-40493e3c9575,Primary Tumor,6.547037950760992
7a2e7511-e77e-4805-82a3-cb9f5939ed26,Primary Tumor,4.39485707738292
665a7af8-9c2d-4a31-9a22-da89fc7107b2,Primary Tumor,6.574313475415559
bb47dbbf-75f5-4bbf-bd1a-ca81383f211b,Primary Tumor,6.681194831537352
a43e0f24-382c-431f-9bdb-94b3fa5c52a1,Primary Tumor,5.163965600440944
93db566e-8ff9-45b0-afa2-0fbe82b8f580,Primary Tumor,6.418748226324416
eeacf4ac-09cf-41a8-8066-c38a173e61b4,Primary Tumor,7.4474767099887815
86757083-5e47-423f-91e3-5f2ad6779b27,Primary Tumor,7.859339100802866
09296d1f-9877-438d-96d8-7b4cc52940dd,Primary Tumor,3.5290837971332714
d88c062b-3c19-46e9-92b8-b80f6c3eef56,Primary Tumor,7.669265635389896
5ef157e9-bb3d-4214-a946-f5bc2bbf74b6,Primary Tumor,8.428463188759222
b53ceb0c-a338-46e2-a0e6-224dec5ea807,Primary Tumor,7.9098630897983595
ef337612-6a73-4c29-a8b0-85557cbeaff4,Primary Tumor,7.620509435339823
1860869f-ecb5-43ae-9714-328ff5748c2a,Primary Tumor,5.387334966125975
dd6ec250-8d4d-4129-9664-7451c1760f4b,Primary Tumor,6.860246485304894
87b32d0a-6e9c-466d-a563-688142d3df95,Primary Tumor,5.382075806378523
7a176670-7636-4329-951b-c118b816cfca,Primary Tumor,8.032110763865928
60477322-5657-495a-8ce3-4f806acd3dcb,Primary Tumor,7.575220797739791
51f545d2-3da2-46c1-9ed4-204133701dad,Primary Tumor,8.123622228841416
4c2a4d47-67dd-4c12-8f3b-1c55eb6fd00e,Primary Tumor,8.791055089480638
36432508-6673-489b-aefe-d172b83abac2,Primary Tumor,7.805347278002597
7bc6d1c2-7d78-4b67-9c0d-8a836047f721,Primary Tumor,7.185616826481811
3c0ce8a7-a730-4f1a-9e03-335b3e36849b,Primary Tumor,6.849187390050467
55831884-c907-457d-bb2c-7c7b3f7c4cd1,Solid Tissue Normal,7.160948415949689
e0d8cd2d-967f-4b04-afa9-3aca54bcaf5d,Primary Tumor,7.2895707583185345
58b3d72d-6cff-4c5c-9317-13d88cd17b79,Primary Tumor,7.078069662197802
ad6ae9d2-c6f5-4686-9b3c-45ea130493f3,Primary Tumor,7.126013672074924
51c0568a-3e54-42a0-b805-0a90905cc865,Primary Tumor,8.008356905738497
e20ecad8-f22d-4e2d-99af-bc1be98c5128,Primary Tumor,7.873613903730966
2f6e63bb-17bd-4b53-8666-45c7159aa1f4,Primary Tumor,7.422339819413976
5a37129a-9672-4fda-8576-e7de1db7b2c2,Solid Tissue Normal,5.971934350669066
c5a1245e-f3c5-4f42-afd6-9b12f01a6445,Primary Tumor,5.866161222364895
f0890456-1013-4e8a-9132-f05e2a1be5f2,Primary Tumor,6.863206265372333
e4988cad-67b9-41a6-9640-2226d6b7424a,Solid Tissue Normal,6.976677529823671
f700b996-2ccf-4f59-9249-da7f087054ba,Solid Tissue Normal,7.252642727562747
3604ee2d-3fdc-40fa-95ab-a3f420334ac5,Primary Tumor,7.619693246553126
765f26d4-120a-459d-90c7-74a8532b407c,Primary Tumor,6.602871050369159
afa5c7c4-02f8-4417-873c-378937f5fbbb,Primary Tumor,7.754626324004738
4b11527c-fb98-4ad4-aaac-6f0c6c1d185c,Primary Tumor,6.581706754772657
69a379e5-c8ba-43ed-b267-bad111c851fb,Primary Tumor,7.02276172596934
1d8df3eb-b059-47f7-b3fa-f4eb3f568423,Primary Tumor,5.770155102497843
cb061496-b611-48bb-9484-c6ca07f9951e,Primary Tumor,8.135989846977806
d7439e19-2ab4-4209-9628-16e6ae6bc11e,Primary Tumor,8.148643848840345
148c1368-6302-4daf-b389-2c92f5da0529,Primary Tumor,5.465517429889054
a4377fa6-f7e2-4289-ac2d-3cc87b6cc289,Solid Tissue Normal,6.586478037014971
af2c7fc6-003d-4c41-bba5-95a005699a57,Primary Tumor,6.887294957288946
780617e8-6a28-4774-b1e6-3135e1932327,Primary Tumor,7.342073778818562
38cc1ced-6874-4aed-ab73-8c6344564cd6,Primary Tumor,7.2223495906916515
5edfb99b-ef38-4f97-a59b-efea8738442c,Primary Tumor,7.365972427593384
7f70c9bb-a18a-45e8-8177-34145a6c0dc9,Primary Tumor,6.702970536586272
